<?xml version="1.0" encoding="UTF-8"?>
<project xsi:schemaLocation="http://maven.apache.org/POM/4.0.0 https://maven.apache.org/xsd/maven-4.0.0.xsd" xmlns="http://maven.apache.org/POM/4.0.0"
    xmlns:xsi="http://www.w3.org/2001/XMLSchema-instance">
  <modelVersion>4.0.0</modelVersion>
  <groupId>com.microsoft.pnp</groupId>
  <artifactId>spark-listeners_3.0.1_2.12</artifactId>
  <version>1.0.0</version>
  <dependencies>
    <dependency>
      <groupId>org.scala-lang</groupId>
      <artifactId>scala-library</artifactId>
      <version>2.12.12</version>
      <scope>compile</scope>
    </dependency>
    <dependency>
      <groupId>org.apache.spark</groupId>
      <artifactId>spark-sql_2.12</artifactId>
      <version>3.0.1</version>
      <scope>compile</scope>
    </dependency>
    <dependency>
      <groupId>org.apache.spark</groupId>
      <artifactId>spark-streaming_2.12</artifactId>
      <version>3.0.1</version>
      <scope>compile</scope>
    </dependency>
    <dependency>
      <groupId>org.eclipse.jetty</groupId>
      <artifactId>jetty-server</artifactId>
      <version>9.4.40.v20210413</version>
      <scope>compile</scope>
    </dependency>
    <dependency>
      <groupId>org.scala-lang</groupId>
      <artifactId>scala-reflect</artifactId>
      <version>2.12.12</version>
      <scope>compile</scope>
    </dependency>
  </dependencies>
</project>
