<?xml version="1.0" encoding="UTF-8"?>
<project xsi:schemaLocation="http://maven.apache.org/POM/4.0.0 https://maven.apache.org/xsd/maven-4.0.0.xsd" xmlns="http://maven.apache.org/POM/4.0.0"
    xmlns:xsi="http://www.w3.org/2001/XMLSchema-instance">
  <modelVersion>4.0.0</modelVersion>
  <groupId>com.microsoft.pnp</groupId>
  <artifactId>spark-listeners-loganalytics_3.0.1_2.12</artifactId>
  <version>1.0.0</version>
  <dependencies>
    <dependency>
      <groupId>com.microsoft.pnp</groupId>
      <artifactId>spark-listeners_3.0.1_2.12</artifactId>
      <version>1.0.0</version>
      <scope>compile</scope>
    </dependency>
    <dependency>
      <groupId>org.apache.httpcomponents</groupId>
      <artifactId>httpclient</artifactId>
      <version>4.5.13</version>
      <scope>compile</scope>
    </dependency>
    <dependency>
      <groupId>org.scala-lang</groupId>
      <artifactId>scala-reflect</artifactId>
      <version>2.12.12</version>
      <scope>compile</scope>
    </dependency>
  </dependencies>
</project>
